{
  "important-defaults": {
    "title": "Important Defaults"
  },
  "queries": {
    "title": "Queries"
  },
  "query-keys": {
    "title": "Query Keys"
  },
  "query-functions": {
    "title": "Query Functions"
  },
  "query-options": {
    "title": "Query Options"
  },
  "network-mode": {
    "title": "Network Mode"
  },
  "parallel-queries": {
    "title": "Parallel Queries"
  },
  "dependent-queries": {
    "title": "Dependent Queries"
  },
  "background-fetching-indicators": {
    "title": "Background Fetching Indicators"
  },
  "window-focus-refetching": {
    "title": "Window Focus Refetching"
  },
  "disabling-pausing-queries": {
    "title": "Disabling/Pausing Queries"
  },
  "query-retries": {
    "title": "Query Retries"
  },
  "paginated-queries": {
    "title": "Paginated Queries"
  },
  "infinite-queries": {
    "title": "Infinite Queries"
  },
  "initial-query-data": {
    "title": "Initial Query Data"
  },
  "placeholder-query-data": {
    "title": "Placeholder Query Data"
  },
  "mutations": {
    "title": "Mutations"
  },
  "query-invalidation": {
    "title": "Query Invalidation"
  },
  "invalidation-from-mutations": {
    "title": "Invalidation from Mutations"
  },
  "updates-from-mutation-responses": {
    "title": "Updates from Mutation Responses"
  },
  "optimistic-updates": {
    "title": "Optimistic Updates"
  },
  "query-cancellation": {
    "title": "Query Cancellation"
  },
  "scroll-restoration": {
    "title": "Scroll Restoration"
  },
  "filters": {
    "title": "Filters"
  },
  "performance-request-waterfalls": {
    "title": "Performance & Request Waterfalls"
  },
  "prefetching-router-integration": {
    "title": "Prefetching & Router Integration"
  },
  "server-rendering-hydration": {
    "title": "Server Rendering & Hydration"
  },
  "advanced-server-rendering": {
    "title": "Advanced Server Rendering"
  },
  "caching": {
    "title": "Caching"
  },
  "render-optimizations": {
    "title": "Render Optimizations"
  },
  "default-query-fn": {
    "title": "Default Query Fn"
  },
  "suspense": {
    "title": "Suspense"
  },
  "testing": {
    "title": "Testing"
  },
  "does-this-replace-redux-mobx-etc": {
    "title": "Does this replace [Redux, MobX, etc]?"
  },
  "migrating-to-v3": {
    "title": "Migrating to v3"
  },
  "migrating-to-v4": {
    "title": "Migrating to v4"
  },
  "migrating-to-v5": {
    "title": "Migrating to v5"
  }
}
